NOM,COGNOM 1,COGNOM 2,CLASSE
Valina,Patershall,Churchard,1ESOB
Jonell,Van der Brug,Gealy,2ESOB
Laurie,Sanz,Mainson,2ESOA
Otha,Witherden,Hagyard,1ESOB
Gauthier,Luck,Crufts,1ESOB
William,Raubenheim,Clausewitz,2ESOA
Seana,Reeves,,2ESOA
Brien,Sterman,Sydney,2ESOA
Marcus,Grunder,Jarrett,1ESOB
Elfrieda,Olorenshaw,Hakking,2ESOB
Thorny,Clemow,de Keyser,2ESOB
Darline,Giacopelo,Simeonov,2ESOB
Gusella,Whittingham,Pawnsford,2ESOA
Roseann,Bazeley,Bartels-Ellis,2ESOA
Marcelo,Troak,Bisson,2ESOB
Dinnie,Roskruge,Pither,2ESOB
Keir,Capeloff,,1ESOB
Adoree,Pietruszka,McCrackem,2ESOA
Ivett,Ysson,,2ESOB
Fleming,Wolfers,Levens,1ESOA
Tasia,Anstey,Malkinson,2ESOA
Bowie,Jovasevic,Snibson,1ESOB
Gaylord,Fredi,Scouse,2ESOA
Merline,Crannage,Iseton,2ESOB
Raye,Daughtrey,Cuttles,2ESOA
Jammal,Coen,Honack,2ESOB
Sibilla,Gooden,Daymont,2ESOB
Wilie,Kilduff,Hukins,2ESOB
Alyssa,Mendus,Rapa,2ESOB
Rhea,Bowkett,Sattin,2ESOB
Donella,Hubberstey,Hatherleigh,2ESOB
Marcel,Djokic,,2ESOB
Bab,Fiander,Kytter,1ESOB
Roxane,Strutz,Harkins,2ESOA
Jacquelin,Cummine,Lynch,2ESOB
Joseito,Tumasian,,1ESOB
Shaughn,Krysztofowicz,,2ESOA
Lucille,Cahalan,MacGowing,2ESOB
Rutger,Casson,,2ESOB
Minnaminnie,Thomazin,Fliege,1ESOA
Gonzales,Trousdale,Bowley,2ESOB
Dill,Brunning,Stuer,2ESOA
Celestyna,Dulin,Argile,2ESOB
Jerrome,Iacovone,Strowthers,2ESOA
Kare,Dombrell,Baldung,2ESOA
Jacinda,Keford,McPhelimy,2ESOB
Giovanni,Sunderland,Wooddisse,2ESOA
Laryssa,Devinn,Dennerly,2ESOB
Merv,Olivey,Mussalli,1ESOB
Danella,Geraldo,Bartoletti,2ESOA
Lorrie,Geater,,2ESOB
Pattin,Napier,,1ESOB
Melisandra,Fancet,Pontefract,2ESOB
Diarmid,Breinl,Bolstridge,1ESOA
Jodee,Blanque,Apperley,2ESOB
Bartholomew,Maleby,Corradini,2ESOB
Koressa,Shilton,Gibbens,2ESOB
Darsey,Rowthorn,,2ESOB
Alex,Falco,Lawlings,2ESOB
Yoshiko,Cluse,,2ESOA
Libbey,Cherrett,Ilchenko,2ESOB
Adam,Tite,Margetson,1ESOA
Yehudit,Rymell,Moses,2ESOB
Bucky,Climar,Hook,2ESOA
Allin,Subhan,Heineke,2ESOA
Jacquette,Krause,Bridewell,2ESOB
Aurore,Kenner,,2ESOA
Pauline,Collman,,2ESOB
Burch,Rablan,,2ESOB
Brittni,Betser,Klessmann,2ESOB
Reina,De Caville,Priden,1ESOA
Delinda,Bunyard,Wavell,2ESOB
Kristos,MacNockater,Routh,2ESOB
Amerigo,Lowe,Maxfield,1ESOA
Adara,Farnill,Martineau,2ESOA
Sky,Sidney,Heathcott,2ESOB
Maury,Clackson,Lichtfoth,1ESOB
Gabby,Cottam,Matei,1ESOB
Colin,Latter,Rowcastle,2ESOB
Artie,Junes,Francklyn,2ESOB
Geralda,Snalom,Dingsdale,2ESOA
Arline,Yerrall,,2ESOB
Gannie,Riddick,,1ESOB
Eustacia,Hamby,Van Oord,2ESOB
Marco,Limrick,Beach,1ESOA
Hagen,Meatyard,Swendell,1ESOB
Paola,Coneau,Cranmere,2ESOA
Gale,Hitzmann,Ingamells,2ESOA
Karylin,Farnan,Robertot,2ESOB
Coletta,Babalola,Arsey,1ESOA
Annabelle,Chatelet,Handling,2ESOB
Mela,Philippard,,2ESOA
Shae,Cowlishaw,Fidell,2ESOA
Korie,Racher,Quigley,2ESOB
Berry,Forbear,Pattinson,2ESOA
Miranda,Polden,Frushard,1ESOA
Laurens,Baxstar,,2ESOB
Jessee,Kleinplatz,Clineck,1ESOB
Delora,Tawn,Anderton,2ESOB
Mildrid,Coners,Kehir,2ESOB
Mallorie,Maass,Bolliver,1ESOB
Adham,Paeckmeyer,Tomankiewicz,2ESOB
Bonny,Davids,Imlacke,2ESOB
Burk,Breewood,Tassel,1ESOA
Ara,Dunton,Dudbridge,2ESOA
Martie,Dericot,Plaskett,2ESOB
Sascha,Thorbon,O'Towey,2ESOB
Aldric,Reckless,Corroyer,2ESOB
Palm,Alti,Jacquemot,2ESOB
Dorthy,Pedro,Blues,1ESOA
Florinda,Fayne,Ahlin,2ESOB
Hugues,Jepson,Torrent,1ESOB
Daryl,Matten,Wrefford,2ESOB
Berry,Leipoldt,Tingley,2ESOB
Albie,Suermeier,Grayley,2ESOB
Reina,Vasilevich,Delcastel,2ESOB
Dyanne,Myall,Kalb,2ESOB
Phillis,Gomez,,1ESOA
Lester,Hembling,Pevie,2ESOB
Patton,Cunio,,2ESOB
Edik,Rotter,Dowling,2ESOB
Kelwin,Bohike,Panton,2ESOB
Freeland,Balsdone,Nancarrow,1ESOA
Gigi,Tringham,Norwell,1ESOB
Woodman,Stovine,Tatchell,1ESOA
Goldarina,Booley,,1ESOB
Theobald,Scarsbrick,,2ESOB
Rosalinde,Povah,Hebbes,2ESOA
Hogan,Naire,,1ESOB
Candi,Willstrop,,2ESOB
Arlina,Crommett,Weepers,2ESOB
Elizabeth,Askie,Rentz,2ESOB
Kathryn,Lutsch,McGerraghty,2ESOB
Ninette,Goadsby,,2ESOA
Roderick,Lazer,Underwood,2ESOB
Myrwyn,Antonellini,Attenborrow,2ESOA
Bernhard,Daville,Subhan,2ESOB
Riordan,Josefowicz,Manketell,2ESOA
Elmore,Spiers,Shelmerdine,2ESOB
Mortie,Lindner,Summons,2ESOB
Valenka,Summerell,Brimson,2ESOA
Julianne,Matthew,McCaffery,2ESOB
Esma,Symmers,Tofts,1ESOB
Irma,Kinchley,Clerk,2ESOB
Menard,Leyshon,,2ESOA
Gaby,Skeermor,McAulay,1ESOB
Gwenora,Shilliday,Rawstorn,1ESOA
Loraine,Sheal,Warhurst,2ESOA
Tera,Dabs,Varley,2ESOB
Petronella,Gooderidge,,2ESOA
Jaime,Barratt,Sanper,1ESOB
Karia,Vernham,Farrar,1ESOB
Vachel,Foxwell,Dockery,2ESOB
Christel,Basilotta,Syratt,2ESOB
Ewen,Chenery,Savege,2ESOB
Oneida,Aldcorn,Joseph,2ESOA
Webster,Dillingham,,1ESOB
Lyda,Ivashinnikov,Mahomet,2ESOB
Maye,Pagel,Headley,2ESOB
Starr,Stickley,,1ESOA
Rosanna,Seeler,Jakubowsky,2ESOB
Torrence,Richfield,Clulee,1ESOA
Moishe,Todarello,Collaton,2ESOB
Abigail,Wilderspoon,Winter,2ESOA
Winona,Kerridge,Philbrick,2ESOB
Tonia,Carnilian,Dallyn,2ESOB
Shelley,Gullan,Hellikes,2ESOB
Aguie,Stivens,Claige,2ESOB
Ali,Paulazzi,Glenny,2ESOB
Kerby,Aubury,Ludlow,1ESOB
Doralynn,Bridgen,Mackro,1ESOB
Brunhilde,Kilfeder,Lincey,1ESOA
Marquita,Esslement,Nozzolinii,2ESOB
Harp,Eadington,Blaw,2ESOA
Adolphe,Cordelette,Srutton,2ESOB
Vale,Gulk,Oloman,2ESOB
Addie,Mayze,Roast,2ESOA
Tobey,Casley,,2ESOB
Teddy,Woodyear,Hawksby,1ESOB
Lina,Gudge,,1ESOB
Ange,Dennington,Hamshaw,2ESOA
Edgard,Basterfield,Eastcourt,2ESOB
Delaney,Leaburn,Miall,1ESOB
Nancey,Oxby,McAughtrie,2ESOB
Enrique,Camelli,Beckensall,2ESOB
Danny,Capper,Gilkes,2ESOA
Barry,McTear,Rippingall,2ESOB
Ruthi,Onele,,2ESOB
Alfreda,Cano,Ghidini,2ESOB
Paulina,Disbrey,Riccardelli,2ESOB
Bondie,Penke,Felton,2ESOA
Marlena,Soane,Mullan,2ESOB
Aryn,Caccavari,Leghorn,2ESOB
Cristin,Parnby,Drepp,2ESOB
Ethelyn,Fer,Smewings,2ESOA
Brear,Caro,Eagles,1ESOA
Caroline,Muckian,Island,1ESOB
Luciano,Seivwright,Fish,2ESOB
Kurt,Blakey,Kochlin,2ESOB
Giraud,Scruton,Adin,2ESOB
Bowie,Neasham,Tabourier,2ESOB
Ellissa,Cleworth,Gregoletti,2ESOA
Erv,Paulino,Frear,2ESOA
Ari,Carnachen,Kirley,1ESOB
Carmelle,Franzelini,,2ESOB
Reeba,Ledwidge,Stubbert,2ESOB
Corby,Simmill,,2ESOA
Torie,Renne,Dudbridge,1ESOA
Pru,Duckfield,Gerrett,2ESOB
Odo,Chasney,,2ESOB
Taddeusz,Khomin,Wasling,2ESOB
Myrta,Coopland,O'Farris,2ESOA
Ibbie,Baptist,Goodbarne,2ESOB
Carissa,Firk,,2ESOA
Bertrand,Di Gregorio,Chapman,2ESOA
Keefe,Borit,Ladewig,2ESOB
Faustina,Anfonsi,Knowles,1ESOB
Henri,Grumley,Bushby,2ESOB
Marney,Lamborn,,2ESOA
Noam,Garatty,Mellodey,2ESOB
Joeann,Swenson,Ragot,1ESOB
Janeen,Rugg,Clackson,2ESOB
Leyla,Ivetts,Summerside,2ESOA
Kin,Moffat,Gillio,2ESOA
Brooks,Copestake,Howship,2ESOB
Gaye,Burlingham,Assante,2ESOA
Dore,Tomblett,,2ESOB
Greer,Brearton,,2ESOB
Colby,Kisby,Scruby,1ESOB
Teena,Dran,Stockney,2ESOB
Giacinta,Guthrum,Giddy,2ESOB
Hedi,North,Gronaller,2ESOB
Hyman,Draisey,Alwell,2ESOB
Gauthier,Oldale,Maymond,2ESOB
Casey,Gannan,,2ESOB
Dudley,Leete,,1ESOB
Gennifer,Phillippo,,2ESOB
Dalli,Truett,Biers,2ESOB
Ina,Shmyr,,2ESOB
Kaile,Snugg,Reddihough,2ESOB
Gifford,Ickovits,Josuweit,2ESOA
Nataline,Gatchell,Kilshaw,2ESOB
Frank,O'Donnelly,Loyns,1ESOA
Zorana,Adamovich,Edmondson,2ESOB
Lester,Gildroy,,2ESOA
Adiana,Hurling,Rodolphe,2ESOA
Ethelyn,Milesop,,1ESOB
Opal,Sheer,Tongue,2ESOB
Rozanna,Tewkesberry,Fanton,2ESOB
Charlena,Cabrera,,2ESOB
Nickolas,Klimashevich,Turbard,2ESOB
Doris,Huddle,Borghese,2ESOB
Wilfrid,Bliben,Ormesher,2ESOB
Aldus,Gathercoal,Stritton,2ESOA
Darbie,Singh,Llop,2ESOB
Ricky,Dulany,Lundbech,2ESOB
Vicky,Salle,Shortell,2ESOB
Dewain,Rymmer,Goodreid,2ESOB
Quill,Perryman,MacMearty,1ESOA
Halsy,Colmore,Tuxsell,2ESOA
Beret,Bennoe,,2ESOB
Lek,Rosenblatt,Healeas,2ESOB
Les,Croll,Sporrij,1ESOA
Diego,O'Gaven,Fancutt,2ESOA
Andonis,Dubose,Bartul,2ESOB
Hetty,Fley,Briar,2ESOB
Karlen,Gainforth,Fitzpatrick,1ESOB
Curr,Dismore,Izhaky,2ESOA
Valaree,Presidey,Bascombe,2ESOB
Raf,Elliott,,1ESOA
Rasia,Phetteplace,,2ESOA
Harman,Kasman,Wrotham,1ESOB
Willy,Drinkel,Shillan,2ESOA
Lauree,O'Loughnan,Renbold,2ESOB
Anders,Ailmer,Fourcade,2ESOA
Lida,Train,Limer,1ESOA
Valene,Rowberry,Robart,2ESOA
Denys,Hobgen,Mitroshinov,2ESOB
Tybie,Delacour,Weddup,2ESOB
Simona,Kann,Gouinlock,2ESOB
Hanna,Dredge,,2ESOB
Cordy,Le Galle,,2ESOB
Roarke,Ingliby,Applegate,2ESOA
Lewiss,Garlinge,Ferrara,1ESOB
Maxine,Calrow,Wastall,2ESOA
Kaspar,Sprade,,2ESOB
Reuben,Pendock,Kinsett,1ESOB
Olag,O'Moylan,Ganiclef,2ESOA
Creigh,Petett,Allabush,2ESOA
Annecorinne,Raffan,le Keux,1ESOA
Angel,Greir,Godthaab,2ESOB
Ninnette,Stivers,Varne,2ESOB
Benyamin,Brand,Bligh,2ESOB
Mirna,Leechman,Eddoes,1ESOA
Dasie,Whiten,Morphew,2ESOB
Ransell,Nesfield,Faughny,2ESOA
Northrup,Coit,Flann,2ESOA
Stefa,Hounihan,Giffkins,1ESOB
Marcela,Footer,Heitz,2ESOB
Letizia,Mathiassen,Gimbrett,1ESOA
Darnall,Ivasechko,,1ESOB
Marlene,Jakeman,Drieu,2ESOB
Kari,Ranklin,Meeking,2ESOA
Alexandro,Streader,Oakden,1ESOB
Odelia,Maylin,Beebe,2ESOA
Charis,Sankey,McKane,1ESOB
Tailor,Donnan,Petlyura,2ESOB
Janek,Merit,,2ESOB
Anica,Latour,,2ESOA
Enrika,Rosindill,Sieghard,2ESOB
Ofella,Portigall,Caramuscia,2ESOB
Nicolea,Garside,Barnewall,2ESOA
Aldon,Blew,Persitt,2ESOB
Any,Saiens,Wimpress,2ESOB
Augie,Camier,Peffer,2ESOB
Cross,Murrhardt,Francesc,1ESOB
Xavier,Cannaway,Haggarty,2ESOB
Alena,Bunstone,Bruford,2ESOB
Nariko,Bilborough,Tejero,1ESOA
Marilee,Thornbarrow,Scoone,1ESOA
Sigismondo,Feragh,Sterrick,1ESOA
Rubi,Logsdail,des Remedios,2ESOB
Terrance,Camplejohn,Ibbetson,1ESOB
Ed,Gamet,Corser,2ESOA
Jarvis,Fernley,,2ESOA
Nevsa,Killingsworth,Dufore,1ESOB
Marylynne,MacTrusty,De Cruce,2ESOA
Herman,Jaskiewicz,Sawyer,2ESOA
Kellsie,Burthom,Munks,2ESOA
Annabell,McKenny,Sterke,1ESOB
Carolynn,Mansel,Woodham,2ESOB
Rouvin,Muldoon,Agneau,2ESOA
Torr,Volage,Ferronel,2ESOB
Rhody,Olexa,Fomichkin,2ESOB
Queenie,Alexsandrowicz,,2ESOA
Taber,Ballchin,Openshaw,2ESOB
Garek,Downham,,2ESOB
Linn,De Blasio,,2ESOA
Mort,Broxap,Zelley,2ESOA
Kore,Wenderoth,,2ESOA
Angie,Cowie,Elders,1ESOB
Worth,Dytham,Mourant,2ESOB
Abbye,Fenelon,Walbrun,2ESOB
Ronalda,Winscomb,Olcot,2ESOA
Elisabeth,Hundey,,2ESOB
Lorilee,Mingotti,Gerling,2ESOB
Bella,Springford,Orrah,1ESOB
Kissee,Verney,Pender,2ESOA
Marcellina,Rickword,,2ESOA
Samson,Silcocks,Chevolleau,1ESOB
Timothea,Beckers,Sothcott,2ESOA
Hieronymus,McCullen,Pickerin,2ESOA
Anetta,Harriot,Winkett,1ESOA
Hermina,Lasseter,Pietruszewicz,2ESOB
Aggi,Vineall,,1ESOA
Dur,Armfield,Daintier,2ESOB
Dougie,Chaddock,Paradine,2ESOB
Monti,Hulson,Cleaton,2ESOB
Cchaddie,Ginnell,,1ESOA
Chelsie,Bridgestock,Skillings,2ESOA
Aindrea,Lehmann,Davydzenko,2ESOA
Demetra,Simonazzi,Costy,2ESOB
Melisa,Wetton,Hast,2ESOB
Idalia,Driver,,2ESOB
Lilian,Cumbridge,Vedstra,2ESOB
Mead,Shillaker,Kellitt,1ESOB
Kendre,Foxall,Mellor,2ESOA
Laughton,Gawn,Boase,2ESOB
Bendite,Gert,Murley,2ESOB
Kameko,Pes,Sporner,2ESOA
Charo,Henrichs,Ousby,1ESOB
Rosetta,Braga,Konig,2ESOA
Dede,Dredge,Beazey,2ESOB
Danila,Senett,McMurdo,2ESOB
Drusy,Barkley,,2ESOA
Winona,Earsman,Izachik,2ESOB
Isac,Kleinplac,McGreal,2ESOA
Rachel,Mears,Cuzen,2ESOB
Vitia,Outibridge,,1ESOA
Stafford,Antliff,Ghilardi,2ESOA
Jessi,Blowne,Gabotti,2ESOB
Jen,Hearmon,Lamp,2ESOB
Sharon,Bollini,Ayscough,2ESOA
Maggie,Tapin,Maevela,1ESOB
Nathanael,Rugge,Shelvey,1ESOA
Germana,Dennington,Tole,1ESOA
Garth,D'Onisi,Bonnesen,2ESOA
Laryssa,Lunt,Leed,1ESOB
Marten,Leafe,Terney,2ESOA
Desmond,Gradon,MacDirmid,2ESOB
Odey,Shallo,,2ESOB
Jacky,Makepeace,Luttger,2ESOB
Teirtza,Challen,,2ESOA
Shirlee,Roles,Sharma,2ESOA
Burr,Newell,Werrett,2ESOB
Glenine,Smith,Philimore,1ESOB
Rolf,Eskriett,Olivetta,2ESOB
Carmelina,Lamers,,2ESOB
Kenn,Congdon,MacTerlagh,2ESOA
Brandice,Busst,Pasfield,2ESOB
Adriana,Sizland,Dainter,1ESOA
Lester,Venard,Spottiswood,2ESOA
Zane,Salleir,,2ESOB
Jarrad,Gasken,Langhorne,2ESOA
Lyman,Slopier,Chieze,2ESOB
Bobbie,Ilchenko,,2ESOA
Frederic,Jatczak,Casado,2ESOB
Quent,Straneo,Sleet,2ESOB
Sonny,Masters,Simonich,1ESOB
Christalle,Ganiclef,De la Zenne,2ESOB
Michell,Reiner,Pyatt,2ESOA
Jacynth,Strickett,Peyton,2ESOB
Hilliard,Anselmi,Monteaux,1ESOA
Ugo,Cayle,Chaff,2ESOB
Gary,Tattersill,Felgate,1ESOA
North,Venneur,Smurfit,1ESOA
Kerri,Girodon,Floch,2ESOA
Bartholomew,Durkin,,2ESOB
Adriana,Pinnington,Noden,2ESOB
Ciro,Ollerearnshaw,Trendle,1ESOB
Temp,Legendre,Cuphus,1ESOB
Kally,Clarkson,Clohissy,2ESOB
Ambrose,Mablestone,Willcot,2ESOA
Ardra,Hugueville,Gladden,2ESOA
Ericha,Freake,Hadlee,2ESOB
Pavla,Rushmer,Yexley,2ESOB
Valera,Cunningham,Higbin,2ESOB
Townsend,McKeevers,Spat,2ESOA
Linn,Gage,Durek,2ESOB
Kathleen,Kenwrick,Bulgen,2ESOB
Eugenio,Griffen,,2ESOB
Tobie,Wallice,Flanner,1ESOA
Noellyn,Spridgeon,,1ESOA
Milty,Breede,Humphrey,2ESOB
Isak,Shimony,Noury,2ESOB
Erda,Leat,Honatsch,2ESOB
Alistair,Dast,Paniman,1ESOB
Silas,Malser,,2ESOB
Rick,Haacker,Masic,1ESOB
Pacorro,Bengtsson,Stamps,2ESOB
Feodor,Keane,Bleas,2ESOB
Sherlocke,Counsell,Abrashkin,2ESOA
Giacobo,Creyke,Emor,2ESOB
Vick,Popple,Nudd,2ESOB
Leora,Slocumb,Tireman,1ESOB
Minnaminnie,Aspenlon,Wildin,1ESOB
Godart,Pallent,Whitely,1ESOA
Neille,Brogden,Siemens,1ESOA
Raye,Fowkes,,2ESOB
Brenden,Burchmore,Courage,2ESOA
Thorin,Clemett,Wafer,2ESOB
Erina,Gheerhaert,Thonason,1ESOA
Hale,Gatfield,Andri,2ESOA
Eleonore,Liston,Chelnam,1ESOB
Eloise,Eastop,Grube,2ESOB
Karine,Feltham,Gianasi,2ESOB
Demott,Mechic,Damarell,1ESOA
Dorette,Grishukov,,1ESOB
Tabbie,Tait,Fronczak,1ESOB
Valeda,Moine,Storek,2ESOB
Carmita,Jeavons,Arndtsen,2ESOB
Mervin,Chalcot,Oxley,2ESOA
Cobbie,Larchiere,Birk,1ESOB
Bonnibelle,Tilney,,1ESOB
Spense,Rodgman,Sustins,2ESOB
Pierrette,Stores,O'Connor,2ESOB
Newton,Ollington,Lyddon,1ESOB
Jerry,Dyne,Filipiak,2ESOB
Duke,Rozenzweig,Bibey,1ESOB
Levon,Mahy,,2ESOB
Julio,Gunston,,1ESOB
Sandie,Bougen,Fitzsymons,2ESOB
Dynah,Shearmur,Watsham,2ESOB
Dallis,Evesque,,2ESOB
Harrison,Jamson,,1ESOB
Leonardo,Menco,,1ESOB
Shayne,Ivanikhin,Klassmann,2ESOA
Teddi,Shillaker,Grogor,2ESOB
Jamaal,Meldon,Teather,1ESOB
Vinson,Dyment,Spittle,2ESOB
Theresita,Dunican,Bennetto,2ESOB
Melitta,Sherer,Lyfield,2ESOB
Peri,Canti,Cawthorne,2ESOB
Roberto,Wyldish,Lundbech,2ESOA
Clovis,Perchard,Bentzen,2ESOB
Cooper,Cubbini,Bealton,2ESOB
Stefania,Canellas,Londesborough,2ESOA
Johnette,Nutty,Shaylor,2ESOA
Alicea,Threadgould,,2ESOB
Mervin,Sarra,Coggins,2ESOB
Violette,Carreck,,2ESOB
Vernon,Berling,,2ESOB
Gisele,Almeida,Burchess,1ESOB
Jewell,Edeler,Vinau,1ESOB
Friedrich,Piele,Defew,2ESOB
Marcille,Scholes,McLugaish,2ESOA
Homere,Harm,Corbert,2ESOB
Merrielle,Baigrie,Mawdsley,2ESOB
Wallis,McKern,,2ESOA
Cullan,O'Siaghail,Baudy,2ESOB
Jamima,Exall,Bees,2ESOB
Leo,Peddar,,1ESOB
Billy,Iacovazzi,Rackam,2ESOA
Dotti,Janjic,Fruchter,2ESOA
Gaspard,Possell,Ecob,1ESOA
Lavena,Glew,Lynock,1ESOB
Corabelle,Parkyn,Dregan,2ESOB
Rustie,Kipling,Leavry,1ESOB
Lorena,Bengtsen,Dysart,2ESOB
Desiree,Witsey,Pencot,2ESOB
Hattie,d' Eye,Gilgryst,2ESOB
Culver,Sundin,,2ESOA
Camille,Sherrell,Witul,2ESOB
Ciel,Sturney,Illyes,2ESOA
Monti,Kunze,Coysh,2ESOB
Ileane,Warrilow,Whannel,2ESOB
Zabrina,Jore,Corcoran,1ESOB
Mal,Pickvance,Lindores,2ESOB
Teodoor,Strathman,,2ESOB
Whitney,Sandifer,Lomond,2ESOA
Agretha,Padrick,Yggo,2ESOB
Tremaine,Wrinch,,1ESOB
Budd,D'Ambrosi,Rable,2ESOB
Amos,Hrynczyk,,2ESOB
Vergil,Prynne,,2ESOB
Cicily,Lardez,Brownlow,2ESOB
Rabbi,Shergill,Gasquoine,2ESOB
Emlyn,MacGahy,Bente,2ESOA
Vivienne,Pepall,Geekie,2ESOA
Aldrich,Buxam,,2ESOB
Harmony,Roadnight,Hargreave,1ESOB
Baily,Feare,Edsell,1ESOA
Lezlie,Fencott,,2ESOB
Janeva,Beers,,2ESOA
Blythe,Dunmore,Dwerryhouse,2ESOA
Wes,Glynne,Shuttle,2ESOB
Tedd,Futty,Wallentin,1ESOA
Elva,Cartledge,Sarll,2ESOB
Leonie,Tant,Frantzen,2ESOB
Dallas,Vyvyan,Pomeroy,2ESOB
Andrey,Findlow,,2ESOB
Sella,Wasbrough,Crayton,2ESOB
Pier,Kenworthey,Aikin,2ESOA
Loralie,Villar,Ive,2ESOB
Arlen,Littrick,Zisneros,2ESOB
Elia,Waison,Bygreaves,2ESOB
Reuben,Louis,Liversedge,2ESOB
Kris,McDuff,Uzzell,2ESOB
Drucie,Counter,,2ESOB
Correna,Goodie,Beney,2ESOA
Ephrem,Smitten,,2ESOA
Chicky,Chippin,Buckmaster,2ESOB
Kara-lynn,Dimitriou,Inskipp,2ESOA
Guido,Wands,Fabb,1ESOA
Consolata,Klein,Pikesley,2ESOB
Kelci,Grogor,Macvain,2ESOA
Hillary,Doleman,Shinn,2ESOA
Jermaine,Lindenstrauss,Biddell,2ESOB
Nadiya,Towl,Landsberg,2ESOB
Aurore,Bradforth,Krammer,2ESOA
Julio,MacVanamy,Noir,2ESOB
Dorree,Riveles,Aldersley,2ESOB
Rubin,Glasard,Brammar,1ESOB
Laurette,Dench,,2ESOB
Stuart,Flintiff,,2ESOB
Merrick,Tilburn,Greystoke,1ESOB
Corinna,Mechan,Dowgill,1ESOB
Desiree,Tschirschky,Meier,2ESOA
Josiah,Wye,Fall,2ESOA
Kassandra,Passion,Smuth,1ESOB
Sybila,Vertigan,Pickrill,2ESOB
Verile,Thorburn,,2ESOB
Portie,Stitfall,Szreter,2ESOB
Debora,Wrotchford,Jerisch,2ESOA
Francisca,Brand,,2ESOA
Jaimie,Manvell,Wroe,2ESOB
Janel,Burgwin,Bairnsfather,2ESOB
Gypsy,Aucott,Couttes,1ESOB
Marlo,Olensby,Eliasson,1ESOA
Bianka,Trazzi,,2ESOB
Myrtle,Struijs,,2ESOB
Alanna,Jacobsen,Sterrick,1ESOA
Guthrie,Teodori,Enbury,2ESOB
Kerstin,Blasiak,Scatchar,1ESOB
Bertie,Faivre,Ludmann,2ESOB
Starla,McEvon,Loseke,2ESOB
Ugo,Douthwaite,Musslewhite,2ESOA
Zackariah,Beagen,Preshous,2ESOA
Alaric,Ellingford,,2ESOB
Giraud,Miroy,Bispham,2ESOB
Pansy,Drury,,1ESOA
Shawn,Sember,MacNair,1ESOA
Cointon,Breakwell,Loddy,2ESOA
Tansy,Hadigate,Gavigan,2ESOB
Atlante,Siviter,,2ESOA
Elisabeth,Moncrieffe,Hierro,1ESOB
Eli,Glencross,Taffie,2ESOB
Devi,Takis,Hasloch,2ESOB
Harry,Makeswell,Mulcock,2ESOB
Dorelia,Cudd,Cleare,1ESOA
Ortensia,Prestwich,Waggatt,2ESOB
Lindsey,Fownes,Archell,2ESOB
Salomone,Patnelli,Richens,2ESOB
Sabrina,Phillips,Woodruff,2ESOB
Aggie,Bestar,Daniaud,2ESOB
Laurella,Shambroke,Risely,1ESOA
Sibilla,Symmers,Bickell,2ESOB
Kahlil,Allone,Harnett,1ESOB
Riva,Ricardin,,2ESOB
Marlin,Cathrall,Feldon,2ESOB
Merci,Grundwater,Middlebrook,2ESOB
Jelene,Rivenzon,Domney,2ESOB
Arleta,Pigne,Aharoni,2ESOB
Osborn,Moggach,Yglesias,2ESOB
Hester,Pirie,Eagell,2ESOB
Goddard,Cowling,Duval,2ESOA
Thorny,Rontsch,Wagenen,2ESOB
Eileen,Kloisner,Sandal,2ESOB
Filmore,Kirkpatrick,Goodboddy,1ESOB
Christoforo,Alty,Lubman,1ESOB
Laurens,McGuiney,Bonellie,1ESOA
June,Piotrowski,Sowter,2ESOB
Elliot,Docherty,Baumer,2ESOA
Emeline,D'Aeth,Spottiswoode,1ESOA
Rolland,Mazella,,2ESOB
Marylin,Crowne,Feldfisher,2ESOB
Kayla,Scurlock,Arnett,1ESOB
Elfreda,Arnaudi,Trillow,2ESOA
Olivie,Simenel,Snowden,2ESOA
Levy,Ladds,Franzman,1ESOA
Lay,Kless,Statton,1ESOB
Nikki,Van Bruggen,Reightley,2ESOB
Ludvig,Jarrad,Mattiazzo,1ESOB
Binni,Morad,Methuen,2ESOA
Ansell,Vogeler,Tousy,2ESOB
Stacee,Calverley,Hudghton,2ESOB
Justine,Ciabatteri,Hamal,1ESOA
Rowan,Worster,,1ESOA
Angus,Varrow,,2ESOA
Lorene,Dumbleton,Graveney,1ESOB
Rochell,Measey,Surcombe,2ESOB
Hillary,Risby,Shillaker,2ESOA
Melly,Claige,Gabe,2ESOB
Clemmie,Hynard,Rangall,1ESOB
Lauraine,Fernie,Holdin,2ESOB
Merlina,Ackrill,,2ESOA
Car,Ginn,O'Breen,1ESOB
Winfield,Ber,Marquez,2ESOB
Edy,Melmoth,Cuncarr,1ESOB
Kasper,Creboe,Etteridge,2ESOB
Renard,Fawdry,Chalke,2ESOB
Olwen,De Pietri,Grinley,2ESOB
Sarene,Kenealy,Gebb,2ESOA
Bridget,Sambidge,Sarton,2ESOB
Teodora,Matzeitis,Olyfant,2ESOB
Riley,Coorington,,2ESOA
Tuesday,Barrowclough,Dibbs,1ESOB
Spenser,Corbyn,Kimmerling,2ESOA
Arabele,Headings,,2ESOB
Devina,Sieur,Bunclark,2ESOB
Beltran,Gadman,Stubbs,2ESOB
Georas,Stocking,Rickert,2ESOA
Irvin,Fellini,Danilewicz,2ESOB
Sloan,De la Yglesias,Grebbin,2ESOB
Fleur,Snellman,Fretwell,2ESOA
Ewan,Grimsey,Cressor,2ESOB
Alexandre,Lamshead,Savege,2ESOB
Gerri,Durrett,Bonnesen,2ESOB
Jacqui,Karlicek,McGown,2ESOA
Red,Spreull,Belk,2ESOA
Herrick,Gorch,,2ESOA
Kellby,Chancelier,Stable,2ESOB
Veriee,Glayzer,Kos,2ESOA
Candie,Bassill,Pendrigh,2ESOA
Cart,Parnby,Penella,2ESOB
Alard,Poznanski,,2ESOB
Isadore,Brettle,Goodlife,2ESOB
Harrietta,Wheatland,Dahlback,2ESOA
Chloe,Lynes,Kaubisch,1ESOB
Ted,Troake,Yelyashev,1ESOA
Armando,Greenacre,Bogays,2ESOA
Arluene,McIlmorow,,2ESOB
Gaynor,Mertsching,Ibanez,2ESOB
Hanna,Mouser,Roubay,1ESOA
Aggi,Leach,Bilverstone,1ESOA
Emory,Puckett,Willbraham,2ESOB
Hillier,Seegar,Kingerby,1ESOA
Riane,Servis,Ranns,2ESOB
Yorgo,Evershed,Hourican,1ESOB
Iona,Gorger,Hymans,1ESOA
Moore,Champkin,,2ESOB
Madonna,Gallanders,Alleway,1ESOB
Elwyn,Stronach,,2ESOB
Gypsy,Curado,Acey,2ESOB
Reg,Gabites,Mathew,2ESOB
Trevor,Eyton,Semor,1ESOB
Alina,Dochon,,2ESOB
Bartolemo,Avrahamian,Welldrake,2ESOA
Kilian,Sugden,Chartres,2ESOB
Magdalen,Sokale,Laxson,2ESOB
Pattie,Freund,Sambeck,1ESOA
Lacey,Pauly,Gumbley,2ESOB
Keeley,Niccols,McKeevers,1ESOA
Erskine,Pozzo,,2ESOA
Garrick,Cumberpatch,Knocker,2ESOB
Nikolos,Goldman,Lowing,2ESOB
Sibel,Iacovuzzi,Portis,1ESOB
Thomasine,Westwood,Dellenbach,2ESOA
Harriette,Lortzing,,2ESOA
Del,Farey,Pautot,1ESOB
Davidson,Burnup,How,2ESOB
Marty,Sandars,,2ESOA
Randi,Artois,Ruslinge,1ESOA
Anthea,Fochs,Shurman,2ESOA
Erminie,Winsome,Itskovitz,2ESOB
Kelbee,Clackson,Bennison,1ESOB
Karylin,Woolager,Tebbe,2ESOB
Tove,Wiggam,Banishevitz,2ESOA
Jean,Beedell,Tallow,2ESOB
Geri,Torra,Wellen,2ESOA
Lind,Sposito,McIlraith,2ESOA
Rouvin,Ruos,Spelsbury,2ESOB
Rhea,Wakeling,Ryce,2ESOA
Caralie,Creer,Curreen,1ESOA
Caroline,O'Neill,Checci,2ESOB
Bria,Tebb,Graddon,1ESOB
Brandice,Crayton,,1ESOA
Cyril,Hurt,Zapatero,2ESOB
Conchita,Claisse,,2ESOB
Carlyn,Eacott,Grevatt,2ESOA
Dallis,Daubeny,Causnett,2ESOB
Way,Gwalter,Vineall,2ESOB
Samaria,Cavanaugh,Eames,2ESOA
Cristabel,Braunton,Landy,2ESOB
Gizela,Kenward,,2ESOB
Warner,Ord,,2ESOA
Steffie,Goard,,2ESOA
Carmelle,Kondratenya,Kunzelmann,1ESOB
Sibley,Jearum,Dalbey,2ESOA
Paco,Shipman,Alcorn,2ESOB
Niles,Vondra,Carrel,2ESOB
Ami,Owens,Gilders,1ESOA
Wake,Rootham,McCourtie,1ESOA
Brigg,Larmett,Ubsdell,2ESOB
Christoffer,Benoy,,2ESOB
Herschel,Mularkey,,1ESOB
Blinnie,Grigoroni,McElane,2ESOA
Shepherd,Tabour,Towle,2ESOB
Natala,Moggan,Norman,2ESOB
Blythe,Welch,Kores,2ESOB
Forester,Marvin,McHardy,2ESOB
Desi,Warland,Cops,2ESOA
Anastasie,Stelfox,Caghan,2ESOB
Josey,Fulham,Limpertz,2ESOB
Maxwell,Giacomazzo,Laurand,2ESOB
Robb,Cathel,Priden,2ESOB
Mikkel,Assur,Udall,2ESOA
Randy,Higbin,,1ESOA
Lib,Drewett,Lyon,2ESOB
Tamiko,Alred,Lovick,2ESOB
Theodor,Frowen,,1ESOA
Norbie,Trahearn,Murfin,2ESOB
Corrinne,Dorward,,2ESOB
Auguste,Sill,Corkill,2ESOB
Tallie,Vicent,Paulisch,2ESOB
Mendy,Bilborough,Chapelhow,2ESOA
Natty,Tomovic,Maymand,2ESOA
Felic,Gorghetto,Alderton,2ESOB
Chevy,Deniske,Griswaite,2ESOA
Willette,Aberkirdo,Osgodby,2ESOB
Jennette,Warlton,,2ESOB
Kylen,Broader,Branton,2ESOB
Ansley,Premble,Dahlborg,2ESOA
Valery,Hoogendorp,Narup,2ESOB
Jareb,Tick,Heckle,2ESOB
Lion,McDuall,,2ESOB
Aimee,Ivakhno,,2ESOB
Jobyna,Jurczyk,Dell Casa,1ESOB
Dalenna,Danihel,Collum,2ESOB
Marlon,Weddeburn - Scrimgeour,Danes,1ESOB
Ivar,Izatt,Wollers,2ESOA
Reuven,Routledge,Blood,2ESOB
Hinze,Oleszczak,Slucock,2ESOB
Adolph,Oliffe,Sheppey,2ESOA
Donnie,Coper,Hardcastle,1ESOB
Fidelia,Eccleston,Beadon,2ESOA
Haskell,Skerme,Golledge,2ESOB
Wendie,DeSousa,Jados,2ESOA
Arline,Coiley,Lownie,2ESOA
Trefor,Embra,Skace,1ESOB
Kristina,Freyne,Hauxby,2ESOB
Marlowe,Suller,Sikora,2ESOA
Ivar,Butterick,Sprull,2ESOB
Hollis,Lawland,Crebott,2ESOB
Pat,Frenzl,,2ESOB
Laetitia,Joffe,Vosper,2ESOA
Carleton,Tiller,Davers,2ESOB
Reagen,Chaffer,Cheyenne,2ESOB
Cullie,Sibbald,Aylmer,2ESOA
Dode,Dand,,2ESOB
Alfonso,Weavers,Wybron,2ESOA
Christine,Swynley,Verrier,1ESOB
Filmore,Crippin,,2ESOB
Ambros,Feeham,,2ESOB
Euphemia,Piggford,Pollett,2ESOB
Corny,Luckey,,2ESOA
Aloise,Forryan,Huntress,2ESOB
Christoffer,Stretton,Lemin,2ESOA
Richart,Bandiera,Freire,2ESOA
Hillier,Torrejon,Walesa,2ESOB
Sherm,Hanning,Toping,2ESOB
Howey,Fulbrook,,2ESOB
Flinn,Pudding,Scopes,2ESOB
Flint,Altham,Aireton,1ESOA
Merola,Trank,,2ESOB
Grissel,Dockrell,Kitt,1ESOB
Mollee,Iddy,Powdrell,1ESOA
Thibaud,Brandel,Celle,2ESOA
Candi,Digance,Bellenie,2ESOA
Loydie,Vedekhin,Sabban,2ESOB
Cristy,Wynch,Sibley,2ESOB
Novelia,Reeday,Cowsby,1ESOA
Gipsy,Fasham,,2ESOB
Hilde,Lanphier,Brosio,2ESOB
Riobard,Flinders,Capener,2ESOB
Colet,Fuggles,,2ESOB
Allix,Godby,,1ESOA
Slade,Jost,Bonallack,2ESOB
Jarid,Josefson,Audry,2ESOA
Korry,Vallance,Slater,2ESOB
Garvy,Ashburner,Dunhill,2ESOB
Marcile,Raspison,Lynd,1ESOA
Damon,Dooley,,2ESOB
Ange,Benettini,Gaudin,2ESOB
Robin,Leonida,Profit,2ESOB
Hamlin,Romeo,Ragge,2ESOA
Jolee,Dugald,Arnould,2ESOA
Christie,Elliker,Corns,1ESOB
Cornell,Winscomb,Gianolo,2ESOA
Rodolphe,Loud,Helis,2ESOB
Georgena,Gething,,1ESOA
Ophelie,Ferneley,,2ESOA
Esmeralda,Millott,Margaritelli,1ESOB
Reamonn,Pattie,Berthon,2ESOB
Bancroft,Cleverley,,1ESOA
Hilary,Micco,,2ESOB
Teriann,Petley,Ewbank,2ESOB
Diahann,Maskell,Burdoun,2ESOA
Abbott,Hebborn,Banner,2ESOA
Gerald,Harmson,,1ESOB
Amber,Junes,,1ESOB
Elga,Baldinotti,,2ESOA
Faith,Camps,Samett,2ESOB
Riva,Schuh,,2ESOB
Aloisia,Chalker,Gontier,2ESOB
Lucille,Rowthorne,Toffaloni,2ESOB
Aeriela,Eburne,Drewet,2ESOB
Roy,Setterington,Haskey,2ESOB
Neile,Bartoletti,Utting,1ESOB
Rhett,Dionsetto,Felmingham,2ESOB
Myron,Biddiss,Kidstone,2ESOB
Prue,Laundon,Creamen,2ESOB
Nathalia,Vasenkov,Fairham,1ESOB
Simon,Thorne,Naismith,2ESOB
Fredek,Parmer,Sehorsch,1ESOA
Hortense,Shireff,,1ESOB
Marissa,Kalker,M'Quharg,2ESOB
Cassandry,Sheryn,,2ESOB
Shae,Melton,Vidler,2ESOB
Reamonn,Mattock,Headey,2ESOB
Rockie,Earland,Pennycook,1ESOA
Freedman,Ambler,Parchment,1ESOB
Camille,Vondra,Calder,2ESOA
Christoforo,Davies,Manchett,2ESOB
Padriac,MacAllen,Linstead,2ESOB
Vaclav,Whetton,Rennard,2ESOB
Filberte,Hardingham,,2ESOB
Rosy,Belf,Toor,2ESOB
Burch,Kindon,Manners,2ESOB
Chlo,Cholmondeley,Villalta,1ESOB
Ingram,Meron,Farquarson,2ESOB
Tawnya,Poynter,,1ESOA
Wrennie,Boner,Balls,2ESOA
Mirilla,MacKenny,,2ESOB
Deidre,Wainscoat,Gandley,2ESOB
Giovanni,Riediger,Barnewell,2ESOB
Hally,Pantridge,Guys,2ESOA
Arri,Jewett,St. Paul,2ESOB
Uriel,Monaghan,Premble,2ESOA
Heall,Feak,,2ESOB
Kylie,Vlahos,Chate,1ESOB
Cicily,Gatsby,Richings,2ESOA
Cullie,Cornthwaite,Berlin,2ESOB
Patric,Staning,,1ESOB
Bridie,Simkin,Fullager,2ESOA
Gordie,Liebmann,Clarson,2ESOB
Padraic,Crathern,Ackenson,2ESOB
Carleton,Leaver,,2ESOB
Tybalt,Rosettini,Laxe,1ESOB
Ulric,Atherton,Lynam,1ESOB
Nessie,Koppes,Hakewell,2ESOB
Kiele,Kisbey,Levett,2ESOA
Cornelius,Yellowley,Woods,2ESOA
Lezlie,Hartill,Pallent,2ESOB
Annabelle,Waylett,Zaniolo,2ESOB
Cornelle,O'Rafferty,Gallyon,2ESOB
Hugibert,Sickling,Bumby,2ESOB
Stevana,Tattam,Mimmack,2ESOB
Ganny,Eldrid,Pepperrall,2ESOB
Editha,Coster,Pomphrey,2ESOB
Fredericka,Geaves,Preskett,2ESOA
Nelson,Penritt,Hurn,2ESOA
Marja,MacDermid,Filimore,2ESOB
Lammond,Caley,Scholz,2ESOA
Maggy,Snowling,Tagg,1ESOB
Erny,Doughill,Dulany,2ESOA
Christoffer,Wapple,Lackney,2ESOB
Moira,Quinnet,Lemmon,1ESOB
Mort,Moffatt,Cadalleder,1ESOB
Linnea,Siddons,Oliver-Paull,2ESOA
Cull,Chastang,Aubri,2ESOB
Gabriello,Bankes,,2ESOB
Aggi,Sandercroft,Symcox,2ESOB
Byrom,Hainey,Killelea,2ESOB
Shelton,Mackiewicz,,2ESOB
Carver,Sawyer,,1ESOA
June,Freeborn,,2ESOA
Grier,Dowd,,1ESOA
Felecia,Chaney,Droogan,2ESOA
Nanette,Elcy,Shilladay,2ESOB
Colleen,Wardingly,,2ESOA
Ban,Bassingham,Brahams,2ESOA
Jessamine,Boller,Yaldren,2ESOA
Alain,Warburton,Bows,2ESOB
Valentin,Carncross,,2ESOA
Dniren,Orkney,Voller,1ESOA
Marcille,Breawood,Baguley,2ESOB
Mignon,Grabiec,Harder,2ESOB
Brietta,Escala,Cowgill,2ESOB
Howie,Gypps,Treweela,1ESOB
Sabrina,Coultard,,1ESOB
Dania,Relton,St Pierre,2ESOB
Kaia,Wyborn,Lazar,2ESOB
Syd,Camelin,,2ESOA
Hulda,Smoth,Lough,2ESOA
Cathryn,Hooke,,2ESOA
Callean,Vakhrushev,,2ESOB
Andie,Dickerline,Almack,1ESOB
Shep,Casino,Heinsen,1ESOA
Kerri,Gerold,Moult,2ESOB
Vance,Lay,Harnett,2ESOB
Celinka,Belitz,Jolley,2ESOB
Standford,Guilaem,Wrightham,1ESOB
Dru,Aleksankov,Thackwray,1ESOB
Terese,Rymer,Woodwind,2ESOB
Georgianna,Juckes,Barthel,2ESOA
Roseann,Towne,Drains,2ESOA
Rey,Karpf,Rubenchik,1ESOB
Shelden,Euels,Milby,1ESOA
Shurwood,Deering,Barnfield,1ESOB
Ev,Jarret,Collisson,2ESOA
Guillaume,Sparling,Le Prevost,2ESOA
Marylynne,Nawton,Eakle,2ESOB
Steven,Yukhnev,MacSkeagan,1ESOA
Felice,Westbrook,Macon,2ESOB
Kiele,Tibbetts,,1ESOB
Audry,Sparshutt,Greensall,2ESOA
Maudie,McDonnell,Hulatt,2ESOA
Swen,Twidell,Fishby,2ESOA
Daniela,Rolfo,Hegdonne,1ESOB
Felisha,Nix,Holbarrow,2ESOB
Arley,Autin,Primak,2ESOB
Maribel,Fawdry,Dymott,1ESOB
Leoline,Sicily,McCarver,2ESOB
Rona,Hannaby,Scandwright,2ESOB
Tobe,Dillingstone,Aylett,2ESOA
Lorry,Starbucke,Sharland,1ESOA
Belinda,ducarme,Bisgrove,1ESOA
Franciskus,Dursley,Giffon,2ESOB
Thor,Cream,Clancy,1ESOA
Ebenezer,Philps,,2ESOB
Jonah,Thebes,Harvard,2ESOA
Ashlen,Braybrooks,,2ESOA
Nicolea,Oldroyde,Loveguard,2ESOA
Christophorus,Ebbutt,Swinfon,2ESOA
Addie,Tash,Mennear,2ESOB
Constantia,Grasser,Daily,2ESOA
Xena,Byram,Chazelas,1ESOA
Jamesy,Becerra,,2ESOB
Hoyt,Futty,,1ESOA
Dianna,Janous,Rhodus,1ESOB
Janith,Plewes,,2ESOB
Desmund,Dehm,,2ESOA
Pietrek,Shory,,2ESOB
Beverlee,Benfell,Stiggers,2ESOA
Trudy,Claesens,,2ESOB
Kirbie,Stare,Pointin,1ESOA
Inge,Cardero,Baton,2ESOB
Maridel,Ogus,,2ESOA
Farlay,Tootell,Sizland,2ESOB
